{"cameraMode":{"drawMode":0,"name":"Shaded","section":"Shading Mode"},"sceneLighting":true,"audioPlay":false,"sceneViewState":{"showFog":true,"showMaterialUpdate":false,"showSkybox":true,"showFlares":true,"showImageEffects":true,"showParticleSystems":true},"in2DMode":false,"pivot":{"x":-29.200000762939454,"y":0.33000004291534426,"z":21.200000762939454},"rotation":{"x":-0.08817298710346222,"y":0.2264007031917572,"z":-0.02034635655581951,"w":-0.969892144203186},"size":5.7157673835754398,"orthographic":false}